Name,Purpose
Johnson and Sons, Public-key empowering methodology for incubate world-class interfaces
Prince PLC, Total mission-critical standardization for transition next-generation interfaces
Thomas and Sons, Grass-roots next generation Graphical User Interface for utilize front-end action-items
Morgan-Moreno, Total tangible architecture for reinvent revolutionary communities
Carlson-Carpenter, Configurable explicit architecture for optimize seamless info-mediaries
Gates Inc, Realigned static model for reinvent frictionless channels
Henderson Inc, Stand-alone 6thgeneration encryption for engage cutting-edge e-tailers
"Jones, Jones and Webb", Programmable national firmware for facilitate web-enabled networks
Hoffman Ltd, Self-enabling encompassing hardware for empower magnetic platforms
Bennett Inc, Diverse systemic extranet for iterate end-to-end channels
Montgomery PLC, Extended radical secured line for engage world-class technologies
"Russell, Cherry and Reynolds", Versatile motivating encryption for productize one-to-one interfaces
"Wolfe, Martinez and Alvarado", Vision-oriented didactic help-desk for unleash web-enabled users
Trevino-Wells, Persistent even-keeled matrix for envisioneer B2B e-services
"Hicks, Graham and Craig", Cloned 6thgeneration attitude for envisioneer dynamic synergies
"Mahoney, Cooper and Hernandez", Organized zero-defect conglomeration for harness impactful web services
Dean Ltd, Intuitive local synergy for drive integrated technologies
"Reese, Lynn and Smith", Synergistic 6thgeneration project for maximize real-time methodologies
Harper-Rubio, Team-oriented heuristic complexity for embrace enterprise interfaces
Moreno LLC, Reverse-engineered web-enabled parallelism for deliver value-added niches
Moore-Evans, Devolved responsive instruction set for iterate value-added mindshare
French-Daniel, Exclusive motivating monitoring for syndicate strategic paradigms
Hicks-Hayes, Phased dedicated paradigm for benchmark front-end e-tailers
Johnson-Washington, Organized encompassing definition for syndicate web-enabled niches
Lee and Sons, Stand-alone optimal strategy for engineer ubiquitous supply-chains
"Green, Holland and Bennett", Enhanced clear-thinking extranet for visualize killer e-markets
Wright PLC, Profit-focused web-enabled customer loyalty for extend collaborative paradigms
Garcia and Sons, Profit-focused encompassing infrastructure for grow seamless e-tailers
Shaw-Simmons, User-friendly discrete toolset for implement innovative networks
"Buchanan, Thompson and Frye", Sharable 6thgeneration attitude for synthesize back-end initiatives
Thompson-Roy, Public-key human-resource policy for reinvent extensible platforms
"Leach, Schwartz and Adams", Monitored eco-centric Local Area Network for streamline cross-media experiences
Gonzalez-Strickland, Realigned zero tolerance intranet for iterate collaborative applications
"Norman, Lindsey and Schmidt", Expanded responsive emulation for optimize 24/7 eyeballs
Gonzalez and Sons, Robust 3rdgeneration secured line for incubate global solutions
Mcdonald and Sons, Self-enabling logistical toolset for embrace user-centric schemas
Castillo Group, Configurable grid-enabled toolset for visualize viral systems
Bradley LLC, Integrated actuating open architecture for expedite B2B supply-chains
Miller-Smith, Multi-channeled human-resource conglomeration for integrate user-centric eyeballs
Winters Group, Switchable modular utilization for morph front-end platforms
"Mitchell, Olson and Alexander", Sharable local analyzer for whiteboard cutting-edge eyeballs
"Turner, Jackson and Santos", Inverse demand-driven firmware for deliver e-business relationships
Morrison and Sons, Mandatory disintermediate neural-net for envisioneer visionary markets
"Robertson, Powell and Wise", Phased 6thgeneration hierarchy for engage dynamic convergence
Briggs and Sons, Multi-layered web-enabled paradigm for syndicate cutting-edge applications
Williams-Phillips, Ergonomic local synergy for brand user-centric markets
Garcia LLC, Re-contextualized zero-defect matrices for expedite customized deliverables
Jacobson Ltd, Vision-oriented optimizing monitoring for synthesize next-generation relationships
"Harris, Young and Burns", Inverse stable interface for facilitate leading-edge e-business
Chambers Ltd, Organic high-level neural-net for repurpose revolutionary eyeballs
